"Age","Cycle","Generation"
47,1,3
36,1,3
44,1,3
64,1,2
40,1,3
50,1,2
73,1,1
46,1,3
52,1,2
44,1,3
53,1,2
50,1,2
36,1,3
44,1,3
54,1,2
43,1,3
40,1,3
43,1,3
36,1,3
45,1,3
63,1,2
49,1,2
51,1,2
65,1,2
45,1,3
54,1,2
38,1,3
59,1,2
59,1,2
55,1,2
36,1,3
47,1,3
37,1,3
56,1,2
51,1,2
41,1,3
55,1,2
38,1,3
48,1,3
63,1,2
49,1,2
54,1,2
59,1,2
53,1,2
58,1,2
65,1,2
50,1,2
51,1,2
58,1,2
56,1,2
58,1,2
41,1,3
31,1,3
43,1,3
39,1,3
51,1,2
50,1,2
60,1,2
61,1,2
45,1,3
27,1,3
62,1,2
50,1,2
36,1,3
52,1,2
41,1,3
40,1,3
27,1,3
39,1,3
61,1,2
36,1,3
42,1,3
35,1,3
45,1,3
67,1,1
45,1,3
56,1,2
47,1,3
52,1,2
50,1,2
44,1,3
33,1,3
35,1,3
51,1,2
60,1,2
74,1,1
58,1,2
46,1,3
46,1,3
36,1,3
39,1,3
65,1,2
65,1,2
61,1,2
52,1,2
33,1,3
40,1,3
47,1,3
43,1,3
48,1,3
52,1,2
53,1,2
47,1,3
29,1,3
57,1,2
48,1,3
34,1,3
62,1,2
48,1,3
53,1,2
58,1,2
41,1,3
62,1,2
63,1,2
38,1,3
42,1,3
63,1,2
47,1,3
30,1,3
61,1,2
62,1,2
60,1,2
54,1,2
47,1,3
44,1,3
47,1,3
65,1,2
46,1,3
55,1,2
49,1,2
45,2,3
49,2,3
63,2,2
38,2,3
46,2,3
66,2,2
44,2,3
49,2,3
52,2,2
48,2,3
54,2,2
46,2,3
56,2,2
55,2,2
52,2,2
56,2,2
49,2,3
38,2,3
46,2,3
75,2,1
42,2,3
41,2,3
45,2,3
38,2,3
47,2,3
65,2,2
51,2,2
54,2,2
41,2,3
67,2,2
28,2,3
47,2,3
56,2,2
44,2,3
61,2,2
57,2,2
49,2,3
58,2,2
50,2,3
39,2,3
61,2,2
62,2,2
60,2,2
53,2,2
60,2,2
28,2,3
43,2,3
59,2,2
60,2,2
43,2,3
33,2,3
33,2,3
45,2,3
37,2,3
29,2,3
52,2,2
38,2,3
41,2,3
38,2,3
55,2,2
47,2,3
29,2,3
52,2,2
54,2,2
43,2,3
42,2,3
41,2,3
38,2,3
51,2,2
44,2,3
51,2,2
54,2,2
47,2,3
69,2,1
56,2,2
58,2,2
33,2,3
49,2,3
54,2,2
46,2,3
35,2,3
53,2,2
32,2,3
60,2,2
48,2,3
48,2,3
38,2,3
67,2,2
51,2,2
54,2,2
63,2,2
54,2,2
40,2,3
54,2,2
35,2,3
42,2,3
49,2,3
45,2,3
50,2,3
52,2,2
42,2,3
54,2,2
49,2,3
49,2,3
59,2,2
42,2,3
50,2,3
40,2,3
64,2,2
50,2,3
37,2,3
33,2,3
60,2,2
43,2,3
64,2,2
65,2,2
40,2,3
44,2,3
44,2,3
37,2,3
40,2,3
62,2,2
56,2,2
49,2,3
49,2,3
45,2,3
67,2,2
48,2,3
57,2,2
48,2,3
51,2,2
49,3,3
38,3,3
47,3,3
53,3,3
42,3,3
50,3,3
70,3,2
48,3,3
37,3,3
53,3,3
45,3,3
36,3,3
52,3,3
58,3,2
50,3,3
58,3,2
60,3,2
59,3,2
56,3,2
60,3,2
53,3,3
42,3,3
50,3,3
49,3,3
46,3,3
45,3,3
49,3,3
42,3,3
69,3,2
55,3,2
58,3,2
45,3,3
50,3,3
51,3,3
42,3,3
60,3,2
65,3,2
61,3,2
53,3,3
62,3,2
44,3,3
47,3,3
55,3,2
29,3,3
64,3,2
57,3,2
32,3,3
54,3,3
63,3,2
64,3,2
47,3,3
37,3,3
37,3,3
49,3,3
48,3,3
33,3,3
56,3,2
42,3,3
45,3,3
34,3,3
42,3,3
67,3,2
51,3,3
33,3,3
38,3,3
48,3,3
56,3,2
43,3,3
58,3,2
53,3,3
47,3,3
49,3,3
46,3,3
38,3,3
45,3,3
42,3,3
48,3,3
55,3,2
44,3,3
51,3,3
60,3,2
62,3,2
50,3,3
68,3,2
37,3,3
58,3,2
50,3,3
39,3,3
51,3,3
57,3,2
36,3,3
52,3,3
52,3,3
42,3,3
71,3,2
55,3,2
71,3,2
58,3,2
67,3,2
58,3,2
44,3,3
67,3,2
39,3,3
46,3,3
53,3,3
49,3,3
43,3,3
54,3,3
53,3,3
63,3,2
46,3,3
42,3,3
44,3,3
68,3,2
54,3,3
37,3,3
49,3,3
47,3,3
68,3,2
69,3,2
44,3,3
48,3,3
48,3,3
36,3,3
41,3,3
44,3,3
52,3,3
43,3,3
42,3,3
66,3,2
60,3,2
53,3,3
53,3,3
71,3,2
61,3,2
49,3,3
48,4,3
44,4,3
53,4,3
51,4,3
53,4,3
51,4,3
57,4,3
54,4,3
74,4,2
52,4,3
41,4,3
57,4,3
49,4,3
53,4,3
56,4,3
62,4,2
54,4,3
62,4,2
60,4,2
64,4,2
46,4,3
54,4,3
50,4,3
37,4,3
53,4,3
46,4,3
73,4,2
59,4,2
36,4,3
49,4,3
54,4,3
55,4,3
46,4,3
64,4,2
69,4,2
48,4,3
65,4,2
57,4,3
47,4,3
66,4,2
48,4,3
51,4,3
59,4,2
33,4,3
42,4,3
44,4,3
40,4,3
61,4,2
58,4,3
68,4,2
51,4,3
41,4,3
53,4,3
52,4,3
45,4,3
60,4,2
46,4,3
38,4,3
41,4,3
55,4,3
37,4,3
33,4,3
42,4,3
52,4,3
47,4,3
62,4,2
51,4,3
53,4,3
50,4,3
37,4,3
49,4,3
46,4,3
59,4,2
52,4,3
48,4,3
55,4,3
64,4,2
66,4,2
54,4,3
41,4,3
54,4,3
43,4,3
61,4,2
56,4,3
56,4,3
46,4,3
45,4,3
75,4,2
46,4,3
75,4,2
62,4,2
24,4,4
62,4,2
43,4,3
50,4,3
53,4,3
57,4,3
53,4,3
42,4,3
53,4,3
39,4,3
43,4,3
36,4,3
38,4,3
50,4,3
46,4,3
46,4,3
48,4,3
48,4,3
59,4,2
53,4,3
51,4,3
72,4,2
48,4,3
52,4,3
52,4,3
45,4,3
48,4,3
56,4,3
46,4,3
43,4,3
64,4,2
44,4,3
57,4,3
65,4,2
53,4,3
46,5,3
55,5,3
53,5,3
55,5,3
59,5,3
56,5,3
76,5,2
43,5,3
59,5,3
51,5,3
53,5,3
58,5,3
64,5,2
56,5,3
64,5,2
65,5,2
62,5,2
66,5,2
48,5,3
56,5,3
52,5,3
39,5,3
55,5,3
48,5,3
75,5,2
61,5,2
38,5,3
51,5,3
56,5,3
57,5,3
48,5,3
66,5,2
71,5,2
50,5,3
67,5,2
48,5,3
59,5,3
59,5,3
49,5,3
68,5,2
50,5,3
53,5,3
61,5,2
35,5,3
46,5,3
42,5,3
63,5,2
60,5,3
70,5,2
53,5,3
43,5,3
43,5,3
55,5,3
54,5,3
47,5,3
39,5,3
62,5,2
48,5,3
40,5,3
43,5,3
57,5,3
39,5,3
33,5,4
35,5,3
49,5,3
64,5,2
53,5,3
55,5,3
52,5,3
67,5,2
39,5,3
51,5,3
73,5,2
48,5,3
54,5,3
50,5,3
66,5,2
68,5,2
56,5,3
43,5,3
56,5,3
45,5,3
63,5,2
42,5,3
58,5,3
48,5,3
47,5,3
77,5,2
48,5,3
77,5,2
64,5,2
64,5,2
45,5,3
52,5,3
55,5,3
59,5,3
55,5,3
44,5,3
55,5,3
50,5,3
60,5,3
41,5,3
45,5,3
59,5,3
38,5,3
40,5,3
52,5,3
48,5,3
48,5,3
50,5,3
50,5,3
61,5,2
56,5,3
60,5,3
55,5,3
35,5,3
53,5,3
74,5,2
50,5,3
54,5,3
54,5,3
47,5,3
55,5,3
50,5,3
58,5,3
48,5,3
45,5,3
66,5,2
46,5,3
46,5,3
41,5,3
59,5,3
67,5,2
55,5,3
50,6,3
59,6,3
42,6,3
57,6,3
41,6,3
63,6,3
52,6,3
39,6,3
60,6,3
47,6,3
37,6,4
44,6,3
46,6,3
55,6,3
57,6,3
39,6,3
58,6,3
69,6,2
66,6,2
70,6,2
52,6,3
60,6,3
59,6,3
56,6,3
43,6,3
42,6,3
52,6,3
79,6,2
55,6,3
42,6,3
60,6,3
54,6,3
59,6,3
64,6,3
63,6,3
63,6,3
32,6,4
53,6,3
47,6,3
54,6,3
57,6,3
39,6,3
56,6,3
50,6,3
39,6,3
50,6,3
67,6,2
64,6,3
57,6,3
47,6,3
44,6,3
59,6,3
41,6,3
58,6,3
51,6,3
43,6,3
66,6,2
52,6,3
47,6,3
43,6,3
37,6,4
47,6,3
39,6,3
68,6,2
57,6,3
59,6,3
37,6,4
43,6,3
55,6,3
52,6,3
42,6,3
54,6,3
70,6,2
48,6,3
72,6,2
47,6,3
41,6,3
49,6,3
67,6,2
46,6,3
62,6,3
52,6,3
51,6,3
44,6,3
52,6,3
68,6,2
68,6,2
63,6,3
57,6,3
49,6,3
59,6,3
63,6,3
59,6,3
48,6,3
59,6,3
54,6,3
64,6,3
41,6,3
45,6,3
52,6,3
49,6,3
63,6,3
42,6,3
44,6,3
56,6,3
52,6,3
42,6,3
54,6,3
52,6,3
54,6,3
60,6,3
59,6,3
39,6,3
60,6,3
78,6,2
54,6,3
58,6,3
51,6,3
54,6,3
62,6,3
52,6,3
49,6,3
70,6,2
51,6,3
50,6,3
45,6,3
63,6,3
59,6,3
63,6,3
59,6,3
42,6,3
50,6,3
54,7,3
63,7,3
46,7,3
61,7,3
45,7,3
67,7,3
56,7,3
43,7,3
64,7,3
51,7,3
41,7,4
48,7,3
50,7,3
59,7,3
61,7,3
43,7,3
62,7,3
73,7,2
70,7,2
74,7,2
56,7,3
64,7,3
63,7,3
60,7,3
47,7,3
46,7,3
56,7,3
83,7,2
59,7,3
46,7,3
64,7,3
58,7,3
63,7,3
68,7,3
67,7,3
67,7,3
36,7,4
57,7,3
51,7,3
58,7,3
61,7,3
43,7,3
60,7,3
54,7,3
43,7,3
54,7,3
71,7,2
68,7,3
61,7,3
51,7,3
48,7,3
63,7,3
45,7,3
62,7,3
55,7,3
47,7,3
70,7,2
56,7,3
51,7,3
47,7,3
41,7,4
51,7,3
43,7,3
72,7,2
61,7,3
63,7,3
41,7,4
47,7,3
59,7,3
56,7,3
46,7,3
58,7,3
74,7,2
52,7,3
76,7,2
51,7,3
45,7,3
53,7,3
71,7,2
50,7,3
66,7,3
56,7,3
55,7,3
48,7,3
56,7,3
72,7,2
72,7,2
67,7,3
61,7,3
53,7,3
63,7,3
67,7,3
63,7,3
52,7,3
63,7,3
58,7,3
68,7,3
45,7,3
49,7,3
56,7,3
53,7,3
67,7,3
46,7,3
48,7,3
60,7,3
56,7,3
46,7,3
58,7,3
56,7,3
58,7,3
64,7,3
63,7,3
43,7,3
64,7,3
82,7,2
58,7,3
62,7,3
55,7,3
58,7,3
66,7,3
56,7,3
53,7,3
74,7,2
55,7,3
54,7,3
49,7,3
67,7,3
63,7,3
67,7,3
63,7,3
46,7,3
54,7,3
36,8,4
45,8,4
36,8,4
59,8,3
66,8,3
59,8,3
29,8,4
61,8,3
48,8,3
40,8,4
56,8,3
46,8,4
53,8,3
55,8,3
64,8,3
40,8,4
41,8,4
66,8,3
63,8,3
48,8,3
41,8,4
59,8,3
49,8,3
43,8,4
61,8,3
69,8,3
65,8,3
68,8,3
35,8,4
51,8,3
63,8,3
62,8,3
56,8,3
64,8,3
63,8,3
66,8,3
55,8,3
50,8,3
59,8,3
59,8,3
63,8,3
43,8,4
64,8,3
59,8,3
51,8,3
56,8,3
42,8,4
64,8,3
51,8,3
38,8,4
53,8,3
56,8,3
53,8,3
68,8,3
50,8,3
45,8,4
54,8,3
59,8,3
52,8,3
61,8,3
44,8,4
38,8,4
52,8,3
56,8,3
48,8,3
62,8,3
39,8,4
51,8,3
61,8,3
54,8,3
66,8,3
49,8,3
46,8,4
64,8,3
48,8,3
43,8,4
63,8,3
58,8,3
55,8,3
37,8,4
58,8,3
56,8,3
50,8,3
57,8,3
58,8,3
33,8,4
76,8,2
36,8,4
48,8,3
54,8,3
55,8,3
53,8,3
53,8,3
38,8,4
44,8,4
39,8,4
46,8,4
68,8,3
52,8,3
50,8,3
39,8,4
48,8,3
58,8,3
36,8,4
63,8,3
61,8,3
51,8,3
38,8,4
41,8,4
61,8,3
63,8,3
40,8,4
57,8,3
53,8,3
42,8,4
68,8,3
48,8,3
60,8,3
52,8,3
43,8,4
67,8,3
60,8,3
44,8,4
63,8,3
40,8,4
62,8,3
64,8,3
59,8,3
41,8,4
54,8,3
46,8,4
34,8,4
65,8,3
51,8,3
59,8,3
39,9,4
48,9,4
39,9,4
62,9,3
54,9,3
62,9,3
32,9,4
64,9,3
33,9,4
59,9,3
49,9,4
56,9,3
41,9,4
43,9,4
44,9,4
40,9,4
51,9,3
44,9,4
62,9,3
52,9,3
57,9,3
64,9,3
52,9,3
68,9,3
30,9,5
38,9,4
53,9,3
64,9,3
40,9,4
44,9,4
41,9,4
69,9,3
58,9,3
53,9,3
55,9,3
62,9,3
57,9,3
45,9,4
62,9,3
54,9,3
59,9,3
45,9,4
67,9,3
54,9,3
41,9,4
56,9,3
59,9,3
53,9,3
47,9,4
71,9,3
51,9,3
54,9,3
48,9,4
57,9,3
45,9,4
41,9,4
41,9,4
43,9,4
55,9,3
56,9,3
46,9,4
60,9,3
51,9,3
42,9,4
41,9,4
43,9,4
52,9,3
49,9,4
67,9,3
51,9,3
40,9,4
46,9,4
54,9,3
61,9,3
58,9,3
40,9,4
53,9,3
59,9,3
53,9,3
51,9,3
64,9,3
57,9,3
58,9,3
28,9,5
56,9,3
51,9,3
27,9,5
65,9,3
56,9,3
41,9,4
47,9,4
42,9,4
49,9,4
60,9,3
37,9,4
55,9,3
56,9,3
57,9,3
47,9,4
42,9,4
51,9,3
61,9,3
54,9,3
41,9,4
44,9,4
64,9,3
53,9,3
43,9,4
56,9,3
32,9,4
55,9,3
66,9,3
38,9,4
46,9,4
50,9,3
45,9,4
41,9,4
53,9,3
47,9,4
66,9,3
43,9,4
67,9,3
58,9,3
53,9,3
65,9,3
62,9,3
56,9,3
47,9,4
49,9,4
37,9,4
45,9,4
68,9,3
54,9,3
62,9,3
43,10,4
43,10,4
66,10,3
44,10,4
57,10,3
36,10,4
53,10,4
47,10,4
48,10,4
55,10,3
43,10,4
48,10,4
66,10,3
56,10,3
61,10,3
68,10,3
72,10,3
34,10,5
59,10,3
49,10,4
54,10,3
42,10,4
58,10,3
43,10,4
57,10,3
68,10,3
44,10,4
42,10,4
51,10,4
50,10,4
52,10,4
57,10,3
54,10,3
59,10,3
66,10,3
61,10,3
49,10,4
63,10,3
40,10,4
49,10,4
58,10,3
42,10,4
45,10,4
49,10,4
63,10,3
46,10,4
63,10,3
49,10,4
51,10,4
44,10,4
52,10,4
45,10,4
33,10,5
49,10,4
59,10,3
53,10,4
48,10,4
45,10,4
47,10,4
59,10,3
46,10,4
47,10,4
56,10,3
53,10,4
55,10,3
44,10,4
62,10,3
44,10,4
63,10,3
57,10,3
36,10,4
55,10,3
32,10,5
60,10,3
68,10,3
69,10,3
56,10,3
45,10,4
49,10,4
56,10,3
51,10,4
46,10,4
53,10,4
46,10,4
50,10,4
64,10,3
46,10,4
51,10,4
61,10,3
38,10,4
65,10,3
57,10,3
58,10,3
45,10,4
48,10,4
51,10,4
44,10,4
57,10,3
37,10,4
47,10,4
60,10,3
33,10,5
36,10,4
59,10,3
42,10,4
50,10,4
54,10,3
49,10,4
45,10,4
57,10,3
35,10,5
31,10,5
71,10,3
70,10,3
47,10,4
34,10,5
70,10,3
57,10,3
58,10,3
47,10,4
66,10,3
66,10,3
51,10,4
60,10,3
53,10,4
41,10,4
49,10,4
44,10,4
46,11,4
69,11,3
47,11,4
39,11,4
40,11,4
55,11,4
56,11,4
50,11,4
51,11,4
58,11,3
46,11,4
51,11,4
59,11,3
64,11,3
75,11,3
37,11,5
48,11,4
52,11,4
57,11,3
42,11,4
56,11,4
60,11,3
47,11,4
43,11,4
45,11,4
54,11,4
53,11,4
55,11,4
65,11,3
60,11,3
57,11,3
62,11,3
55,11,4
60,11,3
64,11,3
41,11,4
52,11,4
66,11,3
52,11,4
61,11,3
48,11,4
52,11,4
49,11,4
66,11,3
52,11,4
60,11,3
54,11,4
47,11,4
63,11,3
47,11,4
55,11,4
48,11,4
48,11,4
62,11,3
38,11,5
49,11,4
47,11,4
50,11,4
59,11,3
56,11,4
47,11,4
52,11,4
58,11,3
47,11,4
47,11,4
50,11,4
49,11,4
60,11,3
41,11,4
39,11,4
58,11,3
38,11,5
35,11,5
45,11,4
53,11,4
37,11,5
59,11,3
63,11,3
52,11,4
59,11,3
54,11,4
49,11,4
56,11,4
53,11,4
54,11,4
53,11,4
44,11,4
39,11,4
49,11,4
61,11,3
44,11,4
68,11,3
61,11,3
48,11,4
46,11,4
51,11,4
54,11,4
36,11,5
47,11,4
40,11,4
50,11,4
63,11,3
53,11,4
39,11,4
62,11,3
53,11,4
60,11,3
38,11,5
34,11,5
58,11,3
48,11,4
73,11,3
50,11,4
37,11,5
60,11,3
50,11,4
50,11,4
44,11,4
69,11,3
69,11,3
57,11,3
54,11,4
63,11,3
56,11,4
44,11,4
52,11,4
47,11,4
50,12,4
51,12,4
43,12,4
48,12,4
44,12,4
59,12,4
60,12,4
67,12,3
62,12,3
50,12,4
63,12,3
45,12,4
33,12,5
46,12,4
41,12,5
40,12,5
52,12,4
56,12,4
41,12,5
50,12,4
64,12,3
51,12,4
47,12,4
48,12,4
46,12,4
40,12,5
49,12,4
33,12,5
58,12,4
55,12,4
37,12,5
36,12,5
64,12,3
66,12,3
39,12,5
36,12,5
45,12,4
70,12,3
65,12,3
49,12,4
52,12,4
31,12,5
62,12,3
53,12,4
70,12,3
56,12,4
64,12,3
58,12,4
51,12,4
67,12,3
62,12,3
59,12,4
53,12,4
52,12,4
66,12,3
34,12,5
53,12,4
54,12,4
63,12,3
60,12,4
51,12,4
47,12,4
38,12,5
51,12,4
36,12,5
41,12,5
54,12,4
53,12,4
45,12,4
43,12,4
62,12,3
43,12,4
43,12,4
39,12,5
49,12,4
42,12,5
45,12,4
57,12,4
41,12,5
63,12,3
67,12,3
58,12,4
53,12,4
48,12,4
39,12,5
58,12,4
47,12,4
43,12,4
48,12,4
52,12,4
43,12,4
45,12,4
58,12,4
48,12,4
72,12,3
64,12,3
65,12,3
50,12,4
36,12,5
55,12,4
58,12,4
40,12,5
51,12,4
62,12,3
54,12,4
67,12,3
57,12,4
40,12,5
43,12,4
66,12,3
54,12,4
57,12,4
49,12,4
38,12,5
62,12,3
55,12,4
58,12,4
52,12,4
54,12,4
42,12,5
64,12,3
48,12,4
73,12,3
61,12,3
77,12,3
60,12,4
48,12,4
56,12,4
51,12,4
41,13,5
55,13,4
47,13,4
53,13,4
52,13,4
49,13,4
40,13,5
48,13,4
63,13,4
35,13,5
64,13,4
32,13,5
48,13,4
54,13,4
60,13,4
49,13,4
40,13,5
50,13,4
37,13,5
50,13,4
44,13,5
49,13,4
56,13,4
60,13,4
31,13,5
45,13,5
55,13,4
52,13,4
47,13,4
44,13,5
45,13,5
39,13,5
37,13,5
62,13,4
59,13,4
41,13,5
40,13,5
43,13,5
32,13,5
53,13,4
49,13,4
33,13,5
51,13,4
53,13,4
56,13,4
35,13,5
57,13,4
60,13,4
47,13,4
71,13,3
66,13,3
50,13,4
63,13,4
57,13,4
30,13,5
56,13,4
73,13,3
46,13,5
56,13,4
47,13,4
38,13,5
45,13,5
34,13,5
58,13,4
55,13,4
51,13,4
43,13,5
42,13,5
56,13,4
55,13,4
45,13,5
58,13,4
49,13,4
47,13,4
47,13,4
54,13,4
47,13,4
47,13,4
43,13,5
46,13,5
39,13,5
49,13,4
61,13,4
45,13,5
50,13,4
46,13,5
62,13,4
57,13,4
43,13,5
39,13,5
44,13,5
48,13,4
51,13,4
47,13,4
52,13,4
47,13,4
49,13,4
47,13,4
52,13,4
76,13,3
69,13,3
54,13,4
40,13,5
59,13,4
62,13,4
44,13,5
48,13,4
58,13,4
61,13,4
47,13,4
70,13,3
58,13,4
61,13,4
42,13,5
40,13,5
66,13,3
36,13,5
53,13,4
56,13,4
41,13,5
58,13,4
45,13,5
46,13,5
68,13,3
34,13,5
52,13,4
77,13,3
51,13,4
71,13,3
64,13,4
52,13,4
55,13,4
38,14,5
59,14,4
51,14,4
57,14,4
56,14,4
40,14,5
42,14,5
44,14,5
52,14,4
67,14,4
39,14,5
42,14,5
36,14,5
53,14,4
44,14,5
53,14,4
54,14,4
48,14,5
53,14,4
60,14,4
64,14,4
35,14,5
49,14,5
53,14,4
52,14,4
42,14,5
59,14,4
54,14,4
40,14,5
53,14,4
56,14,4
48,14,5
43,14,5
45,14,5
44,14,5
51,14,4
42,14,5
36,14,5
57,14,4
53,14,4
37,14,5
55,14,4
57,14,4
60,14,4
39,14,5
47,14,5
62,14,4
61,14,4
61,14,4
38,14,5
70,14,3
54,14,4
61,14,4
34,14,5
47,14,5
60,14,4
50,14,5
42,14,5
46,14,5
42,14,5
52,14,4
49,14,5
38,14,5
34,14,5
37,14,5
45,14,5
59,14,4
55,14,4
47,14,5
41,14,5
46,14,5
40,14,5
59,14,4
49,14,5
46,14,5
62,14,4
53,14,4
53,14,4
47,14,5
49,14,5
51,14,4
35,14,5
51,14,4
51,14,4
50,14,5
53,14,4
65,14,4
52,14,4
49,14,5
58,14,4
47,14,5
44,14,5
50,14,5
43,14,5
52,14,4
51,14,4
59,14,4
56,14,4
51,14,4
53,14,4
35,14,5
51,14,4
56,14,4
41,14,5
73,14,3
44,14,5
48,14,5
52,14,4
48,14,5
51,14,4
43,14,5
62,14,4
65,14,4
57,14,4
46,14,5
70,14,3
60,14,4
62,14,4
49,14,5
61,14,4
47,14,5
38,14,5
42,14,5
40,14,5
68,14,4
56,14,4
48,14,5
59,14,4
60,15,4
59,15,4
41,15,5
59,15,4
54,15,4
43,15,5
45,15,5
47,15,5
55,15,4
45,15,5
39,15,5
47,15,5
74,15,3
56,15,4
44,15,5
57,15,4
51,15,5
56,15,4
63,15,4
38,15,5
52,15,5
56,15,4
45,15,5
64,15,4
44,15,5
62,15,4
57,15,4
43,15,5
35,15,5
41,15,5
59,15,4
46,15,5
43,15,5
43,15,5
44,15,5
48,15,5
47,15,5
54,15,4
45,15,5
60,15,4
67,15,4
58,15,4
60,15,4
42,15,5
50,15,5
48,15,5
55,15,4
41,15,5
48,15,5
73,15,3
37,15,5
37,15,5
53,15,5
45,15,5
41,15,5
49,15,5
45,15,5
52,15,5
41,15,5
37,15,5
40,15,5
50,15,5
65,15,4
39,15,5
48,15,5
62,15,4
58,15,4
44,15,5
52,15,5
50,15,5
44,15,5
41,15,5
49,15,5
62,15,4
52,15,5
49,15,5
41,15,5
55,15,4
51,15,5
39,15,5
56,15,4
50,15,5
42,15,5
68,15,4
54,15,4
54,15,4
54,15,4
47,15,5
50,15,5
53,15,5
45,15,5
56,15,4
68,15,4
55,15,4
52,15,5
54,15,4
55,15,4
48,15,5
61,15,4
39,15,5
47,15,5
50,15,5
46,15,5
47,15,5
43,15,5
47,15,5
55,15,4
62,15,4
54,15,4
56,15,4
38,15,5
44,15,5
44,15,5
76,15,3
45,15,5
47,15,5
43,15,5
46,15,5
51,15,5
54,15,4
44,15,5
49,15,5
65,15,4
68,15,4
38,15,5
34,15,6
60,15,4
51,15,5
49,15,5
46,15,5
63,15,4
41,15,5
52,15,5
50,15,5
43,15,5
41,15,5
43,15,5
71,15,4
59,15,4
51,15,5
64,16,4
39,16,5
45,16,5
53,16,5
58,16,4
63,16,4
58,16,4
47,16,5
49,16,5
48,16,5
74,16,4
51,16,5
51,16,5
59,16,4
53,16,5
49,16,5
43,16,5
33,16,6
51,16,5
33,16,6
51,16,5
60,16,4
48,16,5
60,16,4
67,16,4
42,16,5
45,16,5
56,16,5
55,16,5
49,16,5
59,16,4
68,16,4
48,16,5
47,16,5
28,16,6
58,16,4
40,16,5
47,16,5
29,16,6
51,16,5
58,16,4
49,16,5
28,16,6
47,16,5
62,16,4
64,16,4
46,16,5
54,16,5
43,16,5
49,16,5
52,16,5
59,16,4
45,16,5
52,16,5
48,16,5
41,16,5
41,16,5
45,16,5
35,16,6
51,16,5
45,16,5
53,16,5
46,16,5
49,16,5
37,16,6
56,16,5
45,16,5
41,16,5
55,16,5
58,16,4
44,16,5
60,16,4
69,16,4
43,16,5
52,16,5
66,16,4
43,16,5
56,16,5
48,16,5
55,16,5
45,16,5
53,16,5
66,16,4
56,16,5
36,16,6
45,16,5
55,16,5
60,16,4
54,16,5
72,16,4
50,16,5
51,16,5
49,16,5
50,16,5
58,16,4
43,16,5
59,16,4
52,16,5
65,16,4
43,16,5
51,16,5
42,16,5
54,16,5
51,16,5
57,16,5
59,16,4
37,16,6
66,16,4
50,16,5
58,16,4
42,16,5
53,16,5
48,16,5
48,16,5
80,16,3
49,16,5
51,16,5
34,16,6
58,16,4
48,16,5
69,16,4
49,16,5
64,16,4
53,16,5
50,16,5
51,16,5
67,16,4
45,16,5
56,16,5
54,16,5
47,16,5
58,16,4
45,16,5
47,16,5
75,16,4
39,16,5
63,16,4
49,16,5
67,17,4
42,17,5
48,17,5
56,17,5
56,17,5
61,17,4
66,17,4
61,17,4
52,17,5
36,17,6
61,17,4
35,17,6
54,17,5
54,17,5
62,17,4
80,17,3
56,17,5
52,17,5
46,17,5
35,17,6
47,17,5
54,17,5
36,17,6
54,17,5
33,17,6
63,17,4
58,17,5
70,17,4
45,17,5
79,17,3
57,17,5
55,17,5
58,17,5
58,17,5
70,17,4
51,17,5
50,17,5
63,17,4
50,17,5
59,17,5
69,17,4
54,17,5
61,17,4
59,17,5
54,17,5
65,17,4
67,17,4
49,17,5
57,17,5
46,17,5
52,17,5
55,17,5
62,17,4
48,17,5
55,17,5
51,17,5
69,17,4
41,17,6
53,17,5
48,17,5
33,17,6
51,17,5
62,17,4
54,17,5
48,17,5
56,17,5
49,17,5
46,17,5
57,17,5
44,17,5
61,17,4
47,17,5
46,17,5
53,17,5
55,17,5
69,17,4
46,17,5
59,17,5
51,17,5
48,17,5
56,17,5
59,17,5
48,17,5
39,17,6
58,17,5
57,17,5
53,17,5
41,17,6
58,17,5
49,17,5
29,17,6
37,17,6
52,17,5
49,17,5
46,17,5
72,17,4
42,17,5
55,17,5
68,17,4
46,17,5
54,17,5
53,17,5
57,17,5
51,17,5
54,17,5
60,17,5
62,17,4
40,17,6
69,17,4
58,17,5
45,17,5
34,17,6
51,17,5
83,17,3
54,17,5
47,17,5
72,17,4
57,17,5
67,17,4
64,17,4
56,17,5
57,17,5
48,17,5
59,17,5
57,17,5
48,17,5
50,17,5
48,17,5
45,17,5
54,17,5
77,17,4
58,17,5
53,17,5
52,17,5
50,18,5
44,18,6
45,18,5
60,18,5
39,18,6
51,18,5
47,18,5
59,18,5
59,18,5
49,18,5
69,18,4
64,18,4
55,18,5
39,18,6
54,18,5
54,18,5
38,18,6
57,18,5
65,18,4
59,18,5
49,18,5
38,18,6
50,18,5
57,18,5
36,18,6
39,18,6
57,18,5
66,18,4
66,18,4
66,18,4
60,18,5
73,18,4
46,18,5
55,18,5
61,18,5
61,18,5
54,18,5
67,18,4
53,18,5
53,18,5
35,18,6
44,18,6
57,18,5
54,18,5
54,18,5
57,18,5
38,18,6
44,18,6
52,18,5
49,18,5
56,18,5
55,18,5
65,18,4
39,18,6
51,18,5
58,18,5
42,18,6
40,18,6
54,18,5
31,18,6
51,18,5
50,18,5
36,18,6
54,18,5
65,18,4
51,18,5
48,18,5
49,18,5
59,18,5
47,18,5
58,18,5
50,18,5
49,18,5
58,18,5
49,18,5
62,18,5
54,18,5
51,18,5
59,18,5
36,18,6
40,18,6
51,18,5
61,18,5
66,18,4
60,18,5
56,18,5
63,18,5
44,18,6
61,18,5
56,18,5
52,18,5
34,18,6
32,18,6
40,18,6
52,18,5
49,18,5
62,18,5
45,18,5
58,18,5
57,18,5
48,18,5
56,18,5
60,18,5
54,18,5
57,18,5
43,18,6
72,18,4
45,18,5
58,18,5
48,18,5
68,18,4
37,18,6
54,18,5
57,18,5
31,18,6
50,18,5
54,18,5
54,18,5
44,18,6
60,18,5
70,18,4
59,18,5
36,18,6
51,18,5
62,18,5
63,18,5
51,18,5
45,18,5
53,18,5
51,18,5
48,18,5
57,18,5
56,18,5
55,18,5
46,19,6
64,19,5
55,19,5
34,19,6
63,19,5
68,19,4
53,19,5
59,19,5
43,19,6
58,19,5
42,19,6
36,19,6
42,19,6
40,19,6
43,19,6
61,19,5
48,19,6
35,19,6
55,19,5
77,19,4
59,19,5
41,19,6
38,19,6
65,19,5
58,19,5
60,19,5
57,19,5
57,19,5
57,19,5
39,19,6
48,19,6
61,19,5
66,19,5
42,19,6
54,19,5
50,19,5
49,19,5
48,19,6
56,19,5
53,19,5
43,19,6
55,19,5
62,19,5
44,19,6
58,19,5
37,19,6
35,19,6
55,19,5
58,19,5
33,19,6
55,19,5
57,19,5
53,19,5
63,19,5
51,19,5
54,19,5
53,19,5
62,19,5
58,19,5
51,19,5
66,19,5
58,19,5
49,19,5
55,19,5
63,19,5
62,19,5
40,19,6
44,19,6
55,19,5
46,19,6
42,19,6
65,19,5
70,19,4
64,19,5
50,19,5
60,19,5
67,19,5
48,19,6
65,19,5
63,19,5
56,19,5
47,19,6
36,19,6
68,19,4
56,19,5
53,19,5
52,19,5
62,19,5
64,19,5
58,19,5
45,19,6
53,19,5
67,19,5
47,19,6
49,19,5
51,19,5
48,19,6
58,19,5
69,19,4
50,19,5
57,19,5
61,19,5
54,19,5
35,19,6
54,19,5
37,19,6
58,19,5
52,19,5
40,19,6
48,19,6
44,19,6
58,19,5
64,19,5
33,19,6
74,19,4
40,19,6
34,19,6
55,19,5
66,19,5
57,19,5
67,19,5
55,19,5
53,19,5
33,19,6
68,19,4
28,19,7
37,19,6
32,19,7
59,20,5
48,20,6
34,20,7
57,20,5
39,20,6
60,20,5
59,20,5
61,20,5
36,20,6
60,20,5
44,20,6
70,20,4
38,20,6
43,20,6
44,20,6
55,20,5
42,20,6
45,20,6
63,20,5
50,20,6
72,20,4
65,20,5
45,20,6
55,20,5
37,20,6
57,20,5
40,20,6
61,20,5
43,20,6
61,20,5
40,20,6
65,20,5
62,20,5
55,20,5
43,20,6
49,20,6
59,20,5
59,20,5
41,20,6
59,20,5
50,20,6
57,20,5
41,20,6
50,20,6
63,20,5
68,20,5
63,20,5
44,20,6
56,20,5
58,20,5
55,20,5
31,20,7
45,20,6
57,20,5
35,20,6
46,20,6
60,20,5
39,20,6
50,20,6
38,20,6
37,20,6
34,20,7
57,20,5
56,20,5
42,20,6
57,20,5
54,20,5
65,20,5
59,20,5
62,20,5
52,20,5
55,20,5
57,20,5
65,20,5
56,20,5
43,20,6
64,20,5
60,20,5
42,20,6
55,20,5
68,20,5
60,20,5
51,20,5
57,20,5
55,20,5
64,20,5
42,20,6
46,20,6
57,20,5
67,20,5
66,20,5
52,20,5
48,20,6
46,20,6
69,20,5
50,20,6
53,20,5
65,20,5
49,20,6
40,20,6
33,20,7
58,20,5
55,20,5
54,20,5
57,20,5
64,20,5
45,20,6
66,20,5
38,20,6
48,20,6
44,20,6
56,20,5
69,20,5
35,20,6
52,20,5
52,20,5
40,20,6
38,20,6
49,20,6
57,20,5
51,20,5
47,20,6
40,20,6
38,20,6
50,20,6
53,20,5
60,20,5
71,20,4
52,20,5
63,20,5
55,20,5
47,20,6
60,20,5
50,20,6
46,20,6
60,20,5
50,20,6
35,20,6
42,20,6
57,20,5
59,20,5
69,20,5
57,20,5
55,20,5
35,20,6
30,20,7
39,20,6
51,20,5
34,20,7
55,21,5
61,21,5
43,21,6
40,21,6
64,21,5
42,21,6
48,21,6
59,21,5
46,21,6
36,21,7
49,21,6
65,21,5
54,21,6
49,21,6
59,21,5
61,21,5
61,21,5
65,21,5
57,21,5
47,21,6
60,21,5
52,21,6
47,21,6
33,21,7
63,21,5
42,21,6
61,21,5
45,21,6
60,21,5
67,21,5
72,21,5
71,21,5
67,21,5
60,21,5
51,21,6
62,21,5
44,21,6
35,21,7
39,21,6
39,21,6
43,21,6
54,21,6
41,21,6
57,21,5
39,21,6
61,21,5
46,21,6
41,21,6
38,21,7
63,21,5
34,21,7
59,21,5
41,21,6
69,21,5
47,21,6
68,21,5
64,21,5
36,21,7
59,21,5
35,21,7
55,21,5
39,21,6
72,21,5
64,21,5
31,21,7
68,21,5
50,21,6
61,21,5
71,21,5
56,21,5
52,21,6
59,21,5
53,21,6
44,21,6
37,21,7
62,21,5
59,21,5
68,21,5
52,21,6
70,21,5
60,21,5
39,21,6
45,21,6
39,21,6
39,21,6
56,21,5
53,21,6
45,21,6
44,21,6
59,21,5
44,21,6
42,21,6
48,21,6
64,21,5
64,21,5
56,21,5
67,21,5
63,21,5
49,21,6
51,21,6
39,21,6
37,21,7
54,21,6
50,21,6
35,21,7
60,21,5
39,21,6
46,21,6
62,21,5
47,21,6
61,21,5
59,21,5
63,21,5
56,21,5
40,21,6
59,21,5
39,21,6
34,21,7
34,21,7
55,21,5
38,21,7
44,22,6
54,22,6
55,22,5
61,22,5
43,22,6
40,22,6
64,22,5
38,22,7
42,22,6
47,22,6
48,22,6
59,22,5
46,22,6
36,22,7
49,22,6
65,22,5
54,22,6
49,22,6
59,22,5
61,22,5
61,22,5
47,22,6
57,22,5
66,22,5
47,22,6
60,22,5
47,22,6
57,22,5
63,22,5
42,22,6
61,22,5
45,22,6
60,22,5
67,22,5
72,22,5
67,22,5
60,22,5
51,22,6
54,22,6
62,22,5
44,22,6
35,22,7
39,22,6
39,22,6
43,22,6
41,22,6
46,24,6
57,22,5
51,22,6
39,22,6
61,22,5
46,22,6
41,22,6
38,22,7
63,22,5
34,22,7
41,22,6
69,22,5
47,22,6
68,22,5
64,22,5
36,22,7
47,22,6
59,22,5
35,22,7
55,22,5
39,22,6
72,22,5
64,22,5
31,22,7
68,22,5
46,22,6
50,22,6
61,22,5
71,22,5
56,22,5
53,22,6
44,22,6
37,22,7
62,22,5
59,22,5
68,22,5
52,22,6
70,22,5
60,22,5
39,22,6
52,22,6
45,22,6
39,22,6
56,22,5
53,22,6
45,22,6
44,22,6
59,22,5
55,22,5
59,22,5
42,22,6
64,22,5
64,22,5
67,22,5
63,22,5
49,22,6
41,22,6
51,22,6
37,22,7
54,22,6
39,22,6
46,22,6
62,22,5
47,22,6
61,22,5
59,22,5
63,22,5
56,22,5
40,22,6
59,22,5
39,22,6
34,22,7
34,22,7
43,22,6
55,22,5
38,22,7
45,23,6
55,23,6
56,23,5
62,23,5
44,23,6
41,23,6
65,23,5
43,23,6
48,23,6
49,23,6
60,23,5
47,23,6
37,23,7
50,23,6
66,23,5
55,23,6
47,23,6
50,23,6
60,23,5
47,23,6
62,23,5
62,23,5
48,23,6
58,23,5
44,23,6
48,23,6
61,23,5
48,23,6
58,23,5
34,23,7
64,23,5
43,23,6
62,23,5
46,23,6
61,23,5
68,23,5
72,23,5
68,23,5
61,23,5
52,23,6
55,23,6
49,23,6
63,23,5
45,23,6
36,23,7
51,23,6
50,23,6
44,23,6
40,23,6
40,23,6
44,23,6
42,23,6
56,23,5
58,23,5
44,23,6
52,23,6
40,23,6
48,23,6
62,23,5
39,23,7
47,23,6
42,23,6
39,23,7
54,23,6
35,23,7
42,23,6
70,23,5
48,23,6
69,23,5
65,23,5
37,23,7
48,23,6
36,23,7
57,23,5
56,23,5
40,23,6
73,23,5
65,23,5
32,23,7
69,23,5
47,23,6
51,23,6
62,23,5
72,23,5
57,23,5
53,23,6
60,23,5
54,23,6
45,23,6
38,23,7
63,23,5
60,23,5
69,23,5
53,23,6
71,23,5
34,23,7
61,23,5
40,23,6
46,23,6
40,23,6
57,23,5
54,23,6
46,23,6
45,23,6
60,23,5
56,23,5
60,23,5
43,23,6
49,23,6
58,23,5
65,23,5
65,23,5
44,23,6
68,23,5
64,23,5
50,23,6
41,23,6
41,23,6
42,23,6
52,23,6
40,23,6
65,23,5
38,23,7
55,23,6
36,23,7
42,23,6
40,23,6
47,23,6
63,23,5
48,23,6
62,23,5
60,23,5
64,23,5
69,23,5
57,23,5
40,23,6
41,23,6
60,23,5
40,23,6
35,23,7
44,23,6
56,23,5
39,23,7
46,24,6
56,24,6
57,24,5
63,24,5
45,24,6
51,24,6
42,24,6
66,24,5
44,24,6
49,24,6
50,24,6
61,24,5
48,24,6
38,24,7
56,24,6
78,24,4
48,24,6
55,24,6
47,24,6
43,24,6
51,24,6
61,24,5
48,24,6
63,24,5
45,24,6
63,24,5
49,24,6
59,24,5
39,24,7
45,24,6
68,24,5
49,24,6
62,24,5
59,24,5
35,24,7
44,24,6
63,24,5
47,24,6
65,24,5
62,24,5
69,24,5
51,24,6
69,24,5
50,24,6
62,24,5
53,24,6
56,24,6
64,24,5
46,24,6
37,24,7
52,24,6
45,24,6
41,24,6
45,24,6
57,24,5
53,24,6
41,24,6
49,24,6
63,24,5
40,24,7
61,24,5
48,24,6
43,24,6
40,24,7
68,24,5
49,24,6
66,24,5
38,24,7
49,24,6
35,24,7
57,24,5
41,24,6
74,24,5
66,24,5
36,24,7
33,24,7
70,24,5
48,24,6
52,24,6
35,24,7
63,24,5
73,24,5
54,24,6
58,24,5
50,24,6
41,24,6
61,24,5
45,24,6
55,24,6
46,24,6
39,24,7
65,24,5
64,24,5
46,24,6
61,24,5
62,24,5
72,24,5
62,24,5
41,24,6
47,24,6
61,24,5
41,24,6
69,24,5
41,24,6
58,24,5
55,24,6
47,24,6
46,24,6
61,24,5
57,24,5
44,24,6
50,24,6
32,24,7
59,24,5
66,24,5
58,24,5
48,24,6
51,24,6
38,24,7
43,24,6
53,24,6
48,24,6
39,24,7
56,24,6
52,24,6
41,24,6
37,24,7
43,24,6
51,24,6
56,24,6
41,24,6
49,24,6
49,24,6
48,24,6
64,24,5
63,24,5
61,24,5
65,24,5
39,24,7
65,24,5
40,24,7
42,24,6
36,24,7
55,24,6
45,24,6
57,24,5
40,24,7
